country,quality_of_education,alumni_employment,score,world_rank
USA,7,9,100.0,1
USA,9,17,91.67,2
USA,17,11,89.5,3
United Kingdom,10,24,86.17,4
USA,2,29,85.21,5
USA,8,14,82.5,6
United Kingdom,13,28,82.34,7
USA,14,31,79.14,8
USA,23,21,78.86,9
USA,16,52,78.55,10
USA,15,26,73.82,11
USA,21,42,73.69,12
USA,31,16,73.64,13
Japan,32,19,69.49,14
USA,34,77,66.94,15
Switzerland,26,66,66.69,16
Japan,42,38,65.76,17
Israel,4,101,65.09,18
USA,62,59,64.05,19
USA,61,101,63.11,20
USA,1,101,61.74,21
Israel,24,93,60.76,22
USA,89,75,60.55,23
USA,101,101,59.7,24
USA,64,63,59.66,25
USA,82,101,59.0,26
USA,65,43,58.37,27
United Kingdom,84,73,57.53,28
USA,19,101,56.43,29
USA,101,78,56.18,30
United Kingdom,35,101,55.21,31
Japan,77,101,54.43,32
USA,101,32,54.4,33
USA,68,60,53.72,34
Canada,101,101,53.43,35
USA,101,86,53.09,36
USA,74,62,52.9,37
USA,92,101,52.64,38
USA,101,101,52.25,39
USA,101,101,52.15,40
Canada,70,91,51.72,41
USA,95,70,51.66,42
USA,30,81,51.6,43
USA,101,101,51.38,44
USA,79,101,51.06,45
USA,83,88,50.68,46
USA,101,101,50.64,47
France,48,101,50.44,48
USA,101,101,50.3,49
USA,101,101,50.29,50
Israel,45,89,50.01,51
USA,101,101,49.54,52
USA,41,54,49.51,53
France,3,61,49.1,54
USA,101,101,48.8,55
Israel,97,101,48.76,56
USA,28,53,48.76,57
USA,27,13,48.5,58
USA,80,72,48.44,59
United Kingdom,71,101,48.43,60
France,47,3,48.33,61
USA,101,101,48.31,62
France,54,101,48.26,63
USA,101,94,48.15,64
Switzerland,46,101,47.94,65
USA,49,37,47.91,66
Canada,101,101,47.74,67
USA,85,101,47.69,68
Switzerland,101,30,47.68,69
Sweden,51,101,47.61,70
USA,81,101,47.59,71
USA,101,101,47.5,72
USA,101,101,47.31,73
Japan,56,101,46.89,74
South Korea,101,34,46.74,75
United Kingdom,101,101,46.38,76
Italy,101,101,46.34,77
USA,33,101,46.11,78
Japan,53,101,45.82,79
USA,101,101,45.7,80
USA,101,97,45.47,81
Germany,87,101,45.33,82
Germany,90,101,45.21,83
USA,101,50,45.2,84
Netherlands,88,101,45.13,85
USA,60,41,44.91,86
USA,101,67,44.71,87
Switzerland,101,101,44.51,88
Finland,96,101,44.44,89
Germany,52,101,44.32,90
Norway,101,101,44.26,91
Australia,101,101,44.18,92
Denmark,101,101,44.15,93
Australia,101,101,44.13,94
USA,18,15,43.89,95
USA,101,101,43.88,96
United Kingdom,101,101,43.79,97
United Kingdom,101,101,43.77,98
Netherlands,100,101,43.47,99
France,44,4,43.36,100
USA,1,1,100.0,1
USA,11,2,93.94,2
United Kingdom,7,12,92.54,3
USA,2,16,91.45,4
United Kingdom,3,15,90.24,5
USA,13,8,88.21,6
USA,6,28,85.07,7
USA,4,14,82.17,8
USA,9,19,79.16,9
USA,10,25,78.83,10
USA,5,101,77.59,11
USA,22,5,77.24,12
USA,12,23,76.99,13
Japan,17,3,76.23,14
Japan,32,17,69.46,15
USA,38,35,67.84,16
USA,23,96,65.64,17
Switzerland,16,60,64.99,18
USA,37,31,63.99,19
USA,33,101,63.12,20
Israel,15,101,59.98,21
USA,101,101,59.38,22
USA,31,55,58.94,23
USA,65,101,58.33,24
USA,89,42,57.72,25
USA,101,56,57.71,26
United Kingdom,101,92,56.75,27
USA,101,21,56.12,28
Canada,91,81,56.11,29
United Kingdom,24,101,56.0,30
USA,101,101,55.79,31
USA,35,27,55.77,32
Israel,18,101,54.34,33
USA,101,101,52.87,34
Japan,77,91,52.79,35
France,26,101,51.72,36
USA,101,101,51.67,37
USA,95,39,51.59,38
USA,101,99,51.56,39
South Korea,101,13,51.31,40
USA,82,84,51.16,41
USA,101,101,51.14,42
USA,101,101,51.09,43
USA,101,101,50.98,44
United Kingdom,47,101,50.98,45
USA,46,101,50.79,46
Canada,54,62,50.77,47
France,19,101,50.58,48
USA,55,101,50.43,49
USA,101,72,49.84,50
USA,30,101,49.56,51
USA,101,101,49.41,52
USA,60,101,49.16,53
USA,101,69,48.96,54
USA,101,101,48.93,55
Switzerland,52,101,48.83,56
Israel,84,101,48.72,57
Canada,101,101,48.51,58
USA,79,101,48.39,59
Sweden,101,101,47.98,60
USA,101,101,47.8,61
Italy,101,101,47.75,62
USA,101,101,47.72,63
France,8,101,47.7,64
USA,101,101,47.52,65
Israel,50,101,47.45,66
Germany,62,101,47.25,67
Denmark,101,101,47.12,68
USA,80,101,47.08,69
Japan,101,6,47.05,70
USA,101,24,46.92,71
United Kingdom,101,101,46.85,72
USA,101,101,46.72,73
Switzerland,101,101,46.54,74
United Kingdom,41,101,46.53,75
USA,63,80,46.44,76
USA,59,52,46.43,77
USA,101,101,46.39,78
Germany,73,101,46.24,79
USA,101,101,46.17,80
Norway,101,101,46.1,81
USA,45,20,46.04,82
Switzerland,101,101,45.73,83
Netherlands,101,101,45.73,84
USA,101,48,45.71,85
France,101,4,45.38,86
Singapore,101,101,45.2,87
USA,101,101,45.12,88
USA,101,101,45.01,89
Russia,14,101,44.93,90
Japan,72,101,44.78,91
Australia,101,101,44.77,92
USA,101,101,44.53,93
USA,51,101,44.53,94
Japan,43,101,44.52,95
Australia,101,101,44.5,96
Canada,101,101,44.5,97
Finland,69,101,44.39,98
France,28,101,44.36,99
USA,101,85,44.26,100
USA,1,1,100.0,1
USA,11,2,99.09,2
USA,3,11,98.69,3
United Kingdom,2,10,97.64,4
United Kingdom,7,12,97.51,5
USA,13,8,97.41,6
USA,4,22,92.84,7
USA,10,14,92.03,8
USA,5,16,88.56,9
USA,9,25,88.11,10
USA,12,18,85.8,11
USA,6,303,85.5,12
Japan,17,3,80.64,13
USA,21,4,79.3,14
USA,27,27,78.35,15
Japan,30,23,73.21,16
USA,33,21,72.29,17
Switzerland,16,105,72.18,18
USA,24,75,71.17,19
USA,32,478,68.36,20
USA,29,19,68.27,21
Israel,15,255,66.76,22
USA,151,13,66.18,23
South Korea,355,9,66.06,24
USA,31,28,65.77,25
USA,65,30,63.56,26
USA,355,478,63.36,27
USA,34,80,62.89,28
USA,92,39,62.57,29
United Kingdom,20,406,61.05,30
Canada,71,45,60.87,31
USA,89,107,60.28,32
USA,91,33,60.0,33
Japan,271,5,59.84,34
France,8,478,59.72,35
France,150,6,59.54,36
USA,72,478,59.49,37
Israel,18,478,59.17,38
United Kingdom,121,98,58.85,39
Japan,355,7,58.69,40
USA,194,17,58.6,41
Canada,45,32,58.39,42
Japan,69,36,58.35,43
USA,46,15,58.0,44
USA,179,86,57.51,45
USA,226,42,57.19,46
USA,93,65,57.01,47
Russia,14,210,56.42,48
USA,61,159,56.13,49
France,26,410,56.06,50
USA,148,74,55.7,51
USA,81,52,55.67,52
USA,76,195,55.67,53
USA,25,219,55.3,54
China,355,35,55.3,55
United Kingdom,42,131,55.2,56
USA,47,192,55.18,57
USA,96,145,54.93,58
USA,212,299,54.76,59
USA,124,252,54.76,60
Canada,85,298,54.75,61
USA,88,91,54.67,62
USA,75,56,54.5,63
USA,197,20,54.25,64
Taiwan,113,24,54.19,65
USA,50,478,54.07,66
USA,291,47,53.96,67
France,36,431,53.91,68
United Kingdom,98,73,53.9,69
USA,99,62,53.77,70
USA,108,90,53.69,71
Japan,40,241,53.65,72
Sweden,126,478,53.64,73
Singapore,355,99,53.52,74
Switzerland,48,151,53.5,75
USA,63,198,53.46,76
USA,60,50,53.06,77
USA,355,97,53.01,78
Denmark,111,143,52.94,79
USA,217,478,52.93,80
USA,56,46,52.92,81
Germany,43,156,52.75,82
USA,123,77,52.74,83
USA,68,43,52.71,84
Switzerland,110,404,52.69,85
Israel,74,122,52.63,86
China,294,63,52.6,87
Netherlands,102,181,52.42,88
Germany,57,426,52.4,89
United Kingdom,28,173,52.31,90
Italy,66,178,52.12,91
Japan,355,41,51.96,92
Switzerland,355,130,51.8,93
Belgium,355,225,51.72,94
Australia,127,158,51.58,95
Japan,208,48,51.53,96
Australia,136,101,51.43,97
Germany,23,275,51.37,98
Germany,38,138,51.34,99
Sweden,185,26,51.34,100
Netherlands,355,66,51.29,101
USA,44,208,51.27,102
Canada,163,144,51.23,103
USA,355,478,51.19,104
USA,328,94,51.18,105
USA,355,478,51.14,106
South Korea,355,61,50.95,107
USA,54,313,50.94,108
Israel,41,221,50.89,109
Finland,53,478,50.76,110
Norway,139,266,50.7,111
USA,112,214,50.69,112
USA,211,38,50.53,113
South Africa,79,29,50.4,114
Australia,265,295,50.37,115
Sweden,132,478,50.34,116
Netherlands,107,478,50.29,117
USA,146,37,50.28,118
Denmark,292,188,50.17,119
Spain,355,207,50.17,120
USA,355,478,50.12,121
Netherlands,182,438,49.97,122
United Kingdom,177,242,49.97,123
Sweden,62,336,49.96,124
USA,223,184,49.95,125
USA,170,478,49.92,126
Netherlands,293,265,49.89,127
South Korea,355,85,49.88,128
Netherlands,118,155,49.85,129
South Korea,355,58,49.84,130
Brazil,302,70,49.82,131
Japan,67,356,49.82,132
USA,355,478,49.79,133
Canada,309,460,49.79,134
Germany,137,113,49.78,135
Belgium,115,282,49.73,136
United Kingdom,219,112,49.64,137
USA,355,152,49.62,138
Belgium,165,167,49.6,139
France,117,478,49.53,140
Canada,210,271,49.51,141
United Kingdom,58,119,49.48,142
USA,355,244,49.47,143
Netherlands,355,398,49.47,144
USA,242,59,49.46,145
United Kingdom,315,81,49.42,146
United Kingdom,128,148,49.41,147
Singapore,355,478,49.35,148
Australia,172,114,49.29,149
Japan,19,320,49.25,150
United Kingdom,84,93,49.23,151
Canada,355,49,49.18,152
Japan,22,362,49.18,153
Switzerland,77,222,49.17,154
Hong Kong,272,116,49.1,155
USA,355,424,49.08,156
Germany,275,478,49.03,157
Germany,94,478,49.02,158
Germany,64,478,48.99,159
Australia,186,377,48.96,160
Germany,105,291,48.93,161
USA,355,40,48.91,162
USA,160,478,48.89,163
USA,355,478,48.88,164
USA,355,478,48.85,165
Canada,355,89,48.84,166
France,249,31,48.81,167
Sweden,248,321,48.79,168
Germany,39,174,48.77,169
Australia,277,134,48.71,170
USA,157,34,48.69,171
USA,174,478,48.67,172
USA,355,284,48.65,173
South Korea,355,69,48.63,174
USA,355,478,48.61,175
France,59,478,48.61,176
USA,305,132,48.6,177
United Kingdom,131,257,48.55,178
Germany,304,146,48.54,179
USA,176,53,48.48,180
Italy,162,467,48.48,181
USA,273,190,48.47,182
USA,355,478,48.4,183
Italy,278,478,48.4,184
USA,355,478,48.36,185
South Korea,355,478,48.35,186
Sweden,184,106,48.27,187
Japan,260,378,48.18,188
China,355,126,48.14,189
United Kingdom,138,218,48.12,190
Belgium,355,269,48.08,191
USA,355,186,48.07,192
USA,355,478,48.06,193
Switzerland,95,338,48.05,194
China,325,149,48.02,195
USA,243,96,48.02,196
Denmark,339,478,47.98,197
Spain,86,55,47.97,198
Germany,355,109,47.97,199
Ireland,319,68,47.96,200
Switzerland,166,478,47.93,201
Hong Kong,90,478,47.83,202
USA,216,83,47.82,203
South Korea,355,191,47.79,204
Austria,200,160,47.78,205
China,355,293,47.76,206
USA,104,193,47.75,207
USA,199,118,47.74,208
United Kingdom,306,183,47.74,209
Germany,114,456,47.73,210
United Kingdom,159,248,47.69,211
Canada,355,287,47.69,212
Germany,222,478,47.69,213
United Kingdom,133,348,47.67,214
Germany,343,170,47.67,215
USA,256,179,47.67,216
China,331,447,47.67,217
USA,355,416,47.63,218
Italy,342,319,47.59,219
Canada,149,84,47.56,220
France,181,478,47.54,221
USA,228,478,47.53,222
Germany,100,407,47.5,223
France,220,472,47.48,224
Australia,145,397,47.47,225
Canada,285,296,47.47,226
USA,300,117,47.45,227
USA,245,194,47.43,228
United Kingdom,355,250,47.42,229
France,355,478,47.42,230
Italy,311,471,47.4,231
Germany,180,396,47.39,232
USA,282,402,47.35,233
USA,298,92,47.34,234
USA,355,124,47.33,235
USA,49,311,47.31,236
Germany,355,478,47.26,237
Germany,346,286,47.26,238
USA,355,478,47.26,239
USA,355,428,47.26,240
France,355,358,47.25,241
China,355,67,47.22,242
USA,120,121,47.2,243
France,355,478,47.19,244
France,202,478,47.18,245
Taiwan,355,60,47.16,246
USA,297,386,47.16,247
Belgium,73,478,47.14,248
Germany,355,478,47.14,249
Netherlands,355,478,47.11,250
Germany,168,478,47.05,251
United Kingdom,164,478,47.04,252
Japan,183,478,47.0,253
Spain,355,478,46.99,254
USA,355,288,46.98,255
USA,355,478,46.95,256
United Kingdom,355,478,46.93,257
USA,355,44,46.91,258
USA,317,270,46.9,259
USA,134,478,46.89,260
USA,355,262,46.89,261
USA,203,478,46.88,262
United Kingdom,355,478,46.87,263
United Kingdom,122,237,46.87,264
USA,175,268,46.82,265
Italy,316,304,46.8,266
South Africa,97,169,46.78,267
USA,355,418,46.78,268
Ireland,227,182,46.77,269
China,355,238,46.75,270
USA,270,185,46.72,271
Italy,324,475,46.67,272
New Zealand,230,455,46.65,273
USA,355,478,46.64,274
Netherlands,289,374,46.63,275
United Kingdom,347,223,46.63,276
Canada,301,172,46.59,277
Portugal,327,478,46.59,278
Japan,355,478,46.59,279
Canada,355,125,46.58,280
Japan,355,226,46.57,281
Germany,355,478,46.57,282
Thailand,355,51,46.55,283
Canada,355,153,46.52,284
Russia,37,129,46.49,285
Norway,231,163,46.49,286
United Kingdom,241,78,46.49,287
Netherlands,267,478,46.48,288
Sweden,355,478,46.44,289
Portugal,83,427,46.42,290
Hong Kong,355,279,46.42,291
China,355,328,46.42,292
USA,355,478,46.42,293
USA,35,236,46.41,294
Germany,355,478,46.41,295
USA,355,267,46.4,296
Germany,80,276,46.39,297
USA,355,440,46.37,298
Germany,308,478,46.36,299
Germany,78,175,46.34,300
Spain,355,464,46.34,301
Sweden,355,177,46.32,302
Germany,355,453,46.31,303
Germany,355,283,46.31,304
Norway,355,478,46.31,305
United Kingdom,70,139,46.3,306
USA,130,54,46.3,307
Italy,268,465,46.3,308
Spain,355,449,46.29,309
Austria,355,478,46.29,310
South Africa,355,64,46.26,311
USA,355,478,46.25,312
Czech Republic,337,478,46.23,313
South Korea,355,446,46.23,314
Malaysia,355,478,46.23,315
Belgium,135,478,46.21,316
United Kingdom,287,253,46.21,317
USA,295,171,46.2,318
USA,116,165,46.2,319
USA,178,215,46.2,320
USA,355,478,46.18,321
USA,355,389,46.15,322
United Kingdom,125,478,46.15,323
United Kingdom,198,394,46.13,324
Italy,355,478,46.13,325
Austria,190,415,46.12,326
Germany,55,258,46.11,327
India,355,57,46.1,328
Brazil,261,120,46.08,329
Belgium,355,478,46.08,330
Greece,355,246,46.06,331
USA,355,95,46.06,332
Italy,355,478,46.06,333
South Korea,355,478,46.02,334
USA,154,256,46.02,335
United Kingdom,355,478,45.99,336
Mexico,299,478,45.99,337
Germany,355,382,45.98,338
Japan,52,135,45.97,339
Australia,201,400,45.97,340
Italy,355,478,45.95,341
United Kingdom,169,399,45.95,342
Germany,290,478,45.92,343
Italy,276,385,45.92,344
United Kingdom,355,478,45.91,345
USA,334,478,45.89,346
Spain,355,72,45.88,347
USA,240,187,45.88,348
China,318,168,45.87,349
United Kingdom,187,478,45.87,350
USA,355,478,45.83,351
Denmark,355,478,45.83,352
Netherlands,355,315,45.82,353
China,355,100,45.8,354
New Zealand,355,372,45.8,355
Spain,355,478,45.79,356
United Kingdom,250,371,45.79,357
Germany,355,478,45.79,358
Italy,355,478,45.78,359
Germany,355,478,45.78,360
USA,355,82,45.77,361
Israel,355,478,45.76,362
USA,355,342,45.75,363
USA,355,76,45.74,364
USA,221,111,45.74,365
Canada,355,478,45.74,366
Italy,355,478,45.73,367
Italy,355,478,45.71,368
USA,161,478,45.7,369
China,152,102,45.7,370
Hungary,87,478,45.69,371
USA,312,137,45.69,372
Finland,355,478,45.69,373
South Korea,355,478,45.67,374
Hong Kong,355,478,45.67,375
Japan,355,478,45.67,376
Canada,355,478,45.66,377
Argentina,192,477,45.66,378
USA,355,478,45.66,379
South Korea,239,445,45.66,380
Hong Kong,355,189,45.65,381
Germany,355,370,45.65,382
Italy,229,478,45.63,383
Spain,355,478,45.63,384
China,51,478,45.61,385
Japan,355,478,45.6,386
Italy,355,478,45.6,387
Italy,355,478,45.6,388
Italy,101,203,45.59,389
USA,262,478,45.59,390
Finland,355,478,45.58,391
Finland,355,251,45.58,392
Canada,355,478,45.58,393
China,355,87,45.57,394
Sweden,349,332,45.57,395
Turkey,355,79,45.57,396
United Kingdom,355,71,45.56,397
Canada,355,164,45.55,398
China,355,127,45.55,399
South Korea,355,478,45.55,400
USA,355,468,45.55,401
France,213,301,45.55,402
France,355,478,45.54,403
USA,355,346,45.53,404
France,355,478,45.53,405
South Korea,355,478,45.51,406
Japan,279,325,45.51,407
China,355,232,45.5,408
United Kingdom,355,147,45.5,409
Spain,355,451,45.49,410
Taiwan,355,220,45.49,411
China,158,409,45.49,412
Japan,355,478,45.48,413
Italy,355,478,45.47,414
USA,288,444,45.47,415
Spain,206,200,45.47,416
Japan,274,128,45.46,417
Taiwan,244,478,45.46,418
Poland,119,478,45.45,419
Saudi Arabia,355,133,45.45,420
United Kingdom,355,352,45.44,421
Canada,355,110,45.44,422
USA,355,478,45.43,423
Japan,355,217,45.43,424
Finland,253,354,45.43,425
Spain,355,478,45.43,426
Austria,351,413,45.43,427
South Korea,355,478,45.43,428
South Korea,355,478,45.43,429
Finland,355,235,45.41,430
Italy,355,478,45.41,431
France,355,478,45.41,432
Sweden,355,478,45.4,433
USA,355,478,45.4,434
China,224,469,45.4,435
India,263,88,45.4,436
Brazil,355,478,45.39,437
China,355,228,45.39,438
USA,314,180,45.39,439
South Korea,355,422,45.38,440
USA,355,478,45.38,441
USA,355,478,45.37,442
USA,355,104,45.37,443
Japan,109,478,45.36,444
Netherlands,355,478,45.36,445
USA,355,350,45.36,446
South Korea,355,343,45.35,447
USA,129,249,45.34,448
United Kingdom,355,339,45.33,449
Chile,330,263,45.33,450
Chile,232,278,45.29,451
Austria,355,478,45.29,452
Spain,355,478,45.29,453
Japan,355,327,45.29,454
Italy,355,431,45.28,455
Italy,355,478,45.27,456
China,355,466,45.27,457
Germany,355,478,45.26,458
South Africa,355,142,45.26,459
USA,355,347,45.26,460
Japan,355,196,45.26,461
France,355,478,45.25,462
Ireland,355,359,45.25,463
USA,196,176,45.25,464
China,355,162,45.24,465
Italy,355,478,45.23,466
USA,355,369,45.23,467
Germany,355,478,45.22,468
USA,355,379,45.22,469
USA,355,349,45.22,470
Japan,355,333,45.22,471
United Kingdom,355,245,45.22,472
USA,355,351,45.21,473
Spain,355,478,45.21,474
China,355,289,45.21,475
France,355,478,45.2,476
USA,189,260,45.2,477
Greece,355,478,45.2,478
Poland,355,478,45.19,479
USA,355,277,45.19,480
Germany,352,478,45.19,481
USA,355,421,45.18,482
Canada,320,380,45.18,483
Japan,355,478,45.18,484
USA,355,224,45.18,485
Australia,355,452,45.18,486
New Zealand,173,154,45.17,487
USA,283,141,45.16,488
USA,251,123,45.15,489
USA,355,478,45.15,490
Germany,355,478,45.15,491
Malaysia,355,115,45.15,492
South Korea,355,247,45.14,493
United Kingdom,355,103,45.14,494
France,355,478,45.14,495
Brazil,355,462,45.14,496
Germany,355,392,45.14,497
China,355,292,45.12,498
United Kingdom,195,234,45.12,499
Germany,355,478,45.11,500
India,355,478,45.11,501
Japan,355,322,45.11,502
Israel,266,408,45.11,503
USA,141,157,45.11,504
USA,355,478,45.1,505
Australia,355,274,45.1,506
Australia,82,478,45.1,507
Germany,345,478,45.1,508
Japan,355,478,45.09,509
USA,355,478,45.09,510
Italy,355,478,45.07,511
USA,355,434,45.07,512
South Korea,355,395,45.07,513
Switzerland,208,209,45.05,514
China,355,478,45.05,515
Iceland,355,478,45.05,516
Canada,355,478,45.05,517
Austria,338,429,45.04,518
Spain,355,478,45.04,519
Spain,354,441,45.04,520
USA,355,478,45.04,521
USA,355,478,45.03,522
France,355,108,45.03,523
USA,156,419,45.03,524
Slovenia,355,478,45.02,525
France,355,478,45.02,526
New Zealand,296,161,45.01,527
China,355,478,45.01,528
South Korea,355,403,45.01,529
Germany,355,478,45.01,530
Spain,355,478,45.01,531
France,252,478,45.01,532
Italy,355,478,45.01,533
Taiwan,355,478,45.01,534
India,355,478,45.0,535
Germany,355,478,44.99,536
USA,218,273,44.99,537
USA,335,140,44.99,538
Japan,307,474,44.98,539
USA,355,344,44.98,540
United Kingdom,355,478,44.98,541
Japan,355,478,44.98,542
India,332,212,44.97,543
Finland,355,136,44.97,544
Portugal,348,478,44.97,545
Australia,355,478,44.97,546
Japan,355,478,44.96,547
USA,355,261,44.96,548
Germany,355,478,44.96,549
Thailand,355,478,44.96,550
Greece,355,478,44.96,551
United Kingdom,246,360,44.95,552
Portugal,355,478,44.95,553
Italy,355,478,44.94,554
Japan,355,306,44.94,555
Estonia,353,478,44.94,556
France,355,478,44.94,557
Norway,355,478,44.94,558
USA,286,357,44.93,559
China,355,254,44.93,560
Lebanon,103,205,44.93,561
France,355,478,44.93,562
United Kingdom,106,335,44.92,563
Croatia,355,478,44.92,564
Taiwan,204,478,44.92,565
France,355,478,44.92,566
Italy,355,478,44.91,567
France,355,201,44.91,568
India,153,308,44.91,569
Japan,355,211,44.9,570
China,355,478,44.9,571
Australia,355,478,44.9,572
Japan,355,478,44.89,573
India,355,201,44.89,574
Italy,355,478,44.89,575
India,355,206,44.89,576
United Kingdom,355,437,44.88,577
Italy,355,478,44.87,578
Italy,355,478,44.85,579
Spain,355,478,44.85,580
Japan,355,324,44.85,581
Greece,355,478,44.85,582
Italy,355,478,44.85,583
Japan,355,199,44.85,584
Brazil,355,478,44.85,585
USA,355,478,44.85,586
Colombia,355,150,44.85,587
China,355,294,44.84,588
Japan,355,478,44.84,589
USA,355,478,44.84,590
USA,191,478,44.83,591
India,355,478,44.83,592
Denmark,355,384,44.83,593
Japan,355,316,44.83,594
Taiwan,355,478,44.82,595
USA,355,259,44.82,596
Italy,355,478,44.82,597
Hungary,355,478,44.82,598
China,355,166,44.82,599
Ireland,355,478,44.82,600
South Korea,355,478,44.82,601
Turkey,255,337,44.81,602
Japan,355,478,44.81,603
USA,341,478,44.81,604
Australia,355,478,44.81,605
USA,355,229,44.8,606
Belgium,143,312,44.8,607
Australia,355,478,44.8,608
South Africa,355,233,44.8,609
China,355,478,44.79,610
India,355,307,44.79,611
Australia,355,478,44.79,612
Australia,355,459,44.79,613
Netherlands,355,227,44.78,614
South Korea,355,387,44.78,615
USA,355,478,44.78,616
France,355,435,44.77,617
Italy,355,478,44.77,618
South Korea,355,478,44.77,619
Spain,355,423,44.77,620
USA,355,478,44.77,621
France,236,478,44.77,622
USA,142,478,44.76,623
United Kingdom,281,478,44.76,624
Australia,355,478,44.76,625
Brazil,355,478,44.76,626
Canada,355,478,44.75,627
New Zealand,355,448,44.75,628
South Korea,355,478,44.74,629
United Kingdom,355,478,44.74,630
Greece,355,478,44.74,631
Portugal,355,478,44.74,632
USA,355,478,44.74,633
Germany,207,478,44.74,634
Taiwan,355,364,44.74,635
Australia,355,439,44.73,636
USA,355,204,44.73,637
USA,355,478,44.73,638
USA,355,213,44.73,639
United Kingdom,355,478,44.73,640
Spain,355,478,44.73,641
USA,355,478,44.73,642
Austria,355,478,44.72,643
USA,269,478,44.72,644
United Kingdom,355,478,44.72,645
USA,355,478,44.72,646
Ireland,355,478,44.72,647
Greece,167,478,44.72,648
Canada,355,239,44.72,649
Spain,355,478,44.71,650
France,214,478,44.71,651
Japan,355,478,44.71,652
Poland,257,197,44.71,653
Japan,355,478,44.71,654
Turkey,355,478,44.71,655
Sweden,355,478,44.7,656
Canada,355,478,44.7,657
Japan,355,478,44.7,658
USA,355,353,44.7,659
Spain,355,478,44.7,660
USA,235,326,44.69,661
France,355,478,44.69,662
United Kingdom,355,478,44.69,663
Finland,355,478,44.69,664
USA,355,366,44.69,665
Japan,355,478,44.69,666
India,237,285,44.69,667
Saudi Arabia,355,478,44.69,668
China,355,478,44.69,669
USA,355,272,44.68,670
Canada,355,457,44.68,671
China,355,431,44.68,672
Hungary,355,478,44.68,673
USA,355,478,44.68,674
USA,355,478,44.68,675
Italy,355,478,44.67,676
USA,355,412,44.67,677
Hong Kong,355,478,44.67,678
Portugal,355,478,44.67,679
Italy,355,478,44.67,680
USA,355,478,44.67,681
France,188,478,44.67,682
Brazil,355,478,44.67,683
Japan,355,478,44.67,684
China,355,405,44.67,685
USA,355,478,44.66,686
Austria,355,373,44.66,687
Poland,333,478,44.66,688
France,355,478,44.66,689
Japan,355,323,44.66,690
USA,355,478,44.66,691
Spain,355,478,44.66,692
United Kingdom,355,375,44.65,693
Japan,355,478,44.65,694
Italy,355,478,44.65,695
Taiwan,225,230,44.65,696
Israel,355,363,44.65,697
Finland,355,478,44.65,698
United Kingdom,355,355,44.65,699
China,355,478,44.64,700
Italy,355,478,44.64,701
USA,329,478,44.64,702
United Kingdom,355,381,44.64,703
USA,355,216,44.64,704
United Kingdom,355,478,44.63,705
Germany,355,478,44.63,706
United Kingdom,355,331,44.63,707
Spain,355,478,44.63,708
Belgium,355,309,44.63,709
China,355,243,44.63,710
Austria,355,478,44.63,711
Hungary,355,478,44.63,712
China,355,478,44.63,713
Spain,355,478,44.63,714
China,355,420,44.63,715
USA,355,390,44.62,716
USA,258,478,44.62,717
USA,355,411,44.62,718
Germany,355,478,44.62,719
USA,355,361,44.62,720
Japan,355,478,44.62,721
China,355,478,44.62,722
Australia,355,280,44.62,723
United Kingdom,355,478,44.61,724
Austria,355,478,44.61,725
Japan,355,478,44.61,726
USA,355,264,44.61,727
Italy,355,478,44.61,728
Spain,355,478,44.61,729
Spain,355,478,44.61,730
China,355,478,44.61,731
Slovak Republic,355,478,44.6,732
USA,355,478,44.6,733
Japan,355,478,44.6,734
United Kingdom,355,334,44.6,735
USA,247,383,44.6,736
Australia,355,478,44.6,737
United Kingdom,355,478,44.6,738
France,355,478,44.59,739
Italy,355,478,44.59,740
Argentina,355,476,44.59,741
Czech Republic,355,478,44.59,742
Japan,355,478,44.59,743
Japan,355,478,44.59,744
Japan,355,478,44.59,745
USA,155,478,44.59,746
USA,355,478,44.59,747
USA,355,478,44.58,748
Iran,171,478,44.58,749
France,355,478,44.58,750
China,355,478,44.58,751
Japan,355,478,44.58,752
USA,355,314,44.58,753
Switzerland,340,478,44.58,754
Mexico,322,478,44.58,755
Japan,355,478,44.58,756
Spain,355,430,44.57,757
Italy,355,478,44.57,758
Germany,355,478,44.57,759
Japan,355,478,44.57,760
China,355,478,44.57,761
Japan,355,478,44.57,762
Spain,355,478,44.57,763
Belgium,355,478,44.57,764
Japan,355,478,44.57,765
USA,355,305,44.57,766
USA,355,478,44.56,767
South Korea,355,478,44.56,768
France,193,478,44.56,769
Spain,355,478,44.56,770
Czech Republic,336,478,44.56,771
Japan,355,478,44.56,772
Turkey,355,388,44.56,773
Taiwan,355,478,44.56,774
Japan,140,478,44.56,775
South Korea,355,454,44.55,776
India,355,478,44.55,777
Malaysia,355,478,44.55,778
France,355,478,44.55,779
France,144,478,44.55,780
Japan,259,478,44.55,781
China,355,478,44.55,782
USA,355,478,44.55,783
Canada,355,478,44.55,784
Italy,355,478,44.54,785
Japan,355,478,44.54,786
Japan,355,310,44.54,787
Turkey,355,461,44.54,788
France,355,478,44.54,789
China,355,400,44.54,790
Taiwan,355,478,44.54,791
France,350,478,44.54,792
USA,355,365,44.54,793
Norway,355,478,44.54,794
France,355,478,44.54,795
USA,323,478,44.53,796
Chile,355,478,44.53,797
Taiwan,355,478,44.53,798
Germany,355,478,44.53,799
United Kingdom,355,478,44.53,800
Canada,355,240,44.53,801
Egypt,310,473,44.52,802
Spain,355,478,44.52,803
Czech Republic,355,478,44.52,804
Taiwan,355,478,44.52,805
United Kingdom,355,341,44.52,806
Saudi Arabia,355,230,44.52,807
Turkey,355,478,44.52,808
Serbia,280,478,44.51,809
Italy,355,478,44.51,810
Hungary,238,478,44.51,811
Austria,355,367,44.51,812
USA,355,478,44.51,813
Spain,355,478,44.5,814
China,355,302,44.5,815
China,355,478,44.5,816
United Kingdom,355,442,44.5,817
China,355,463,44.49,818
Ireland,355,478,44.49,819
Ireland,215,478,44.49,820
South Korea,355,478,44.49,821
United Kingdom,205,478,44.49,822
USA,355,478,44.49,823
China,355,478,44.48,824
United Kingdom,355,478,44.48,825
Bulgaria,234,478,44.48,826
Canada,355,478,44.48,827
Italy,355,478,44.48,828
South Korea,355,478,44.47,829
Japan,355,478,44.47,830
Canada,355,329,44.47,831
South Korea,355,478,44.47,832
Iran,355,478,44.47,833
South Korea,355,478,44.47,834
USA,303,368,44.46,835
Australia,355,478,44.46,836
South Korea,355,478,44.46,837
Lithuania,326,478,44.46,838
Slovenia,355,478,44.46,839
Japan,355,281,44.46,840
Italy,355,478,44.46,841
China,355,436,44.45,842
France,284,478,44.45,843
USA,355,391,44.45,844
Brazil,355,478,44.45,845
China,355,290,44.45,846
USA,355,478,44.45,847
Spain,355,478,44.45,848
Iran,355,478,44.45,849
Japan,355,478,44.45,850
France,355,478,44.45,851
Brazil,355,300,44.45,852
USA,355,478,44.44,853
Canada,355,478,44.44,854
Taiwan,355,478,44.44,855
Turkey,355,478,44.44,856
Taiwan,355,345,44.44,857
Japan,355,318,44.44,858
Australia,355,478,44.44,859
Japan,355,478,44.44,860
Germany,355,478,44.44,861
Hungary,355,478,44.44,862
Japan,355,478,44.44,863
USA,355,478,44.44,864
China,355,478,44.44,865
Australia,355,478,44.43,866
USA,355,478,44.43,867
India,355,478,44.43,868
Japan,355,478,44.43,869
China,355,478,44.43,870
Thailand,355,478,44.43,871
Italy,355,478,44.43,872
Japan,355,478,44.43,873
USA,355,478,44.43,874
Spain,355,478,44.42,875
Japan,355,478,44.42,876
China,355,478,44.42,877
Poland,233,478,44.42,878
New Zealand,355,340,44.42,879
Austria,355,478,44.42,880
Spain,355,478,44.42,881
USA,355,478,44.42,882
China,355,478,44.41,883
Canada,355,478,44.41,884
Spain,355,478,44.41,885
China,355,458,44.41,886
France,355,478,44.41,887
Japan,355,478,44.41,888
France,355,478,44.41,889
Germany,355,478,44.41,890
Uganda,355,478,44.4,891
United Kingdom,355,478,44.4,892
Taiwan,355,478,44.4,893
Brazil,355,450,44.4,894
France,355,478,44.4,895
China,355,478,44.4,896
Argentina,355,478,44.39,897
Brazil,355,478,44.39,898
Taiwan,355,317,44.39,899
Turkey,355,478,44.39,900
Colombia,355,297,44.39,901
Spain,355,478,44.39,902
Turkey,355,478,44.39,903
India,355,478,44.39,904
South Korea,355,478,44.39,905
Australia,355,478,44.39,906
China,355,425,44.39,907
Germany,355,478,44.39,908
Germany,355,478,44.38,909
Australia,355,478,44.38,910
India,355,478,44.38,911
China,355,478,44.38,912
USA,355,478,44.38,913
Poland,344,478,44.38,914
Spain,355,478,44.38,915
Russia,147,478,44.38,916
China,355,478,44.38,917
Poland,355,478,44.38,918
Brazil,355,414,44.37,919
Germany,355,330,44.37,920
China,264,478,44.37,921
Poland,355,443,44.37,922
USA,355,478,44.37,923
United Arab Emirates,355,478,44.36,924
Brazil,355,478,44.36,925
Greece,355,478,44.36,926
Italy,355,478,44.36,927
Taiwan,355,376,44.36,928
Brazil,355,478,44.36,929
Spain,355,478,44.36,930
South Korea,355,478,44.36,931
China,355,478,44.36,932
Uruguay,355,478,44.35,933
Turkey,355,478,44.35,934
China,355,478,44.35,935
Spain,355,478,44.35,936
Spain,355,478,44.35,937
Iran,355,478,44.34,938
Australia,355,478,44.34,939
Brazil,355,478,44.34,940
China,355,478,44.34,941
China,355,478,44.34,942
China,355,478,44.33,943
Ireland,355,478,44.33,944
China,355,393,44.33,945
China,355,478,44.33,946
China,355,417,44.33,947
France,355,478,44.33,948
Japan,355,478,44.33,949
Taiwan,355,478,44.32,950
Egypt,254,478,44.32,951
Taiwan,355,478,44.32,952
Cyprus,355,478,44.32,953
Poland,355,478,44.32,954
China,355,478,44.32,955
Iran,355,478,44.32,956
Romania,321,478,44.32,957
Egypt,355,478,44.31,958
Iran,355,478,44.31,959
China,355,478,44.31,960
France,355,478,44.31,961
Portugal,355,478,44.31,962
Czech Republic,355,478,44.31,963
Brazil,355,478,44.31,964
Egypt,355,478,44.31,965
Germany,355,478,44.31,966
Brazil,355,478,44.31,967
China,355,478,44.3,968
USA,355,478,44.3,969
South Korea,355,478,44.3,970
Chile,355,478,44.3,971
Canada,355,478,44.3,972
China,355,478,44.3,973
Taiwan,355,478,44.3,974
China,355,478,44.3,975
Iran,355,478,44.29,976
Puerto Rico,355,478,44.29,977
Argentina,355,478,44.29,978
France,355,478,44.29,979
China,355,478,44.29,980
China,355,478,44.28,981
China,355,478,44.28,982
Brazil,355,478,44.28,983
Spain,355,478,44.27,984
China,355,478,44.27,985
China,313,478,44.27,986
China,355,478,44.27,987
China,355,478,44.26,988
Taiwan,355,478,44.26,989
China,355,478,44.26,990
China,355,478,44.26,991
Saudi Arabia,355,470,44.26,992
Iran,355,478,44.25,993
Taiwan,355,478,44.24,994
France,355,478,44.24,995
Taiwan,355,478,44.24,996
Taiwan,355,478,44.24,997
China,355,478,44.23,998
China,355,478,44.21,999
China,355,478,44.18,1000
USA,1,1,100.0,1
USA,9,2,98.66,2
USA,3,11,97.54,3
United Kingdom,2,10,96.81,4
United Kingdom,7,13,96.46,5
USA,13,6,96.14,6
USA,5,21,92.25,7
USA,11,14,90.7,8
USA,4,15,89.42,9
USA,12,18,86.79,10
USA,10,26,86.61,11
USA,6,328,84.4,12
Japan,16,3,78.23,13
USA,20,4,77.6,14
USA,28,27,76.91,15
USA,18,84,71.6,16
Japan,22,16,68.6,17
USA,32,22,68.39,18
USA,24,17,68.36,19
Switzerland,17,64,66.93,20
USA,36,567,66.59,21
USA,163,12,66.56,22
Israel,15,164,65.71,23
South Korea,367,9,64.82,24
USA,29,29,64.51,25
USA,367,567,63.69,26
United Kingdom,21,447,62.27,27
USA,74,31,61.55,28
USA,49,567,61.28,29
USA,75,36,61.14,30
USA,48,103,60.61,31
Canada,70,51,60.04,32
USA,33,75,59.94,33
Japan,284,5,59.84,34
United Kingdom,90,82,59.61,35
France,98,7,59.2,36
France,8,502,58.8,37
Japan,288,8,58.17,38
Israel,19,567,57.17,39
USA,124,69,57.09,40
USA,209,20,56.73,41
Canada,34,37,56.49,42
USA,55,33,56.39,43
USA,40,19,56.35,44
Japan,46,39,56.03,45
USA,79,169,55.63,46
USA,230,44,55.54,47
USA,63,130,55.51,48
USA,96,87,55.39,49
USA,91,40,55.23,50
USA,152,62,55.12,51
USA,101,96,55.03,52
USA,54,227,54.85,53
USA,80,67,54.62,54
United Kingdom,44,127,54.39,55
China,182,38,54.26,56
Taiwan,92,25,54.23,57
France,26,393,54.21,58
Russia,14,175,54.19,59
USA,214,276,54.18,60
USA,25,160,54.0,61
Canada,81,275,53.92,62
France,30,404,53.79,63
USA,133,280,53.63,64
Singapore,367,98,53.44,65
USA,303,54,53.43,66
United Kingdom,99,92,53.38,67
USA,139,55,53.26,68
USA,87,94,53.05,69
USA,97,105,52.89,70
Sweden,149,567,52.79,71
USA,68,210,52.72,72
Japan,41,170,52.57,73
Denmark,117,149,52.51,74
USA,59,567,52.5,75
Germany,38,402,52.32,76
USA,221,24,52.27,77
China,309,73,52.21,78
Germany,42,129,52.16,79
USA,135,60,52.08,80
USA,72,53,52.03,81
Belgium,367,202,52.03,82
USA,64,43,52.01,83
USA,367,146,51.85,84
Netherlands,367,46,51.78,85
Israel,77,107,51.75,86
Netherlands,84,199,51.74,87
Australia,105,198,51.61,88
USA,227,567,51.51,89
USA,367,567,51.51,90
Switzerland,367,74,51.47,91
Switzerland,35,191,51.46,92
Australia,141,113,51.34,93
United Kingdom,27,190,51.31,94
USA,60,48,51.22,95
Switzerland,115,389,51.14,96
USA,367,455,51.13,97
South Korea,367,45,51.02,98
Norway,53,286,50.81,99
Japan,367,49,50.6,100
Germany,37,118,50.58,101
USA,339,108,50.43,102
Australia,269,292,50.4,103
France,278,23,50.34,104
USA,50,215,50.28,105
USA,134,35,50.26,106
Canada,169,151,50.25,107
Netherlands,120,567,50.17,108
Japan,170,50,50.13,109
Netherlands,313,193,50.1,110
Finland,56,551,50.04,111
Italy,67,205,49.97,112
USA,159,34,49.92,113
Netherlands,109,317,49.83,114
South Korea,367,58,49.79,115
Spain,367,226,49.79,116
Sweden,136,466,49.75,117
USA,112,162,49.74,118
Belgium,123,329,49.73,119
USA,52,161,49.73,120
USA,367,567,49.7,121
Denmark,310,165,49.65,122
United Kingdom,194,196,49.59,123
Sweden,73,321,49.57,124
Japan,39,322,49.57,125
Sweden,199,30,49.54,126
USA,367,567,49.48,127
United Kingdom,234,89,49.45,128
Netherlands,367,385,49.44,129
Australia,177,70,49.33,130
France,127,567,49.33,131
Brazil,297,71,49.31,132
Canada,367,41,49.31,133
Netherlands,128,274,49.3,134
Singapore,367,567,49.29,135
Israel,45,180,49.12,136
USA,367,241,49.09,137
USA,186,567,49.09,138
USA,367,159,49.05,139
United Kingdom,131,109,49.02,140
USA,233,296,49.01,141
USA,179,28,48.99,142
USA,367,567,48.96,143
South Korea,367,194,48.95,144
Australia,277,145,48.91,145
USA,367,567,48.79,146
Germany,76,548,48.78,147
United Kingdom,329,95,48.77,148
South Africa,61,32,48.75,149
Canada,222,268,48.74,150
Canada,320,376,48.72,151
United Kingdom,65,158,48.7,152
Germany,291,567,48.64,153
USA,175,567,48.59,154
Germany,148,134,48.57,155
Germany,69,490,48.56,156
USA,188,86,48.56,157
Germany,58,249,48.54,158
USA,265,83,48.52,159
Switzerland,83,363,48.48,160
United Kingdom,62,157,48.41,161
Germany,314,136,48.31,162
Belgium,173,110,48.28,163
USA,367,492,48.28,164
South Korea,367,567,48.24,165
USA,367,567,48.23,166
Canada,367,123,48.23,167
Sweden,129,79,48.23,168
Italy,281,567,48.17,169
Hong Kong,287,128,48.15,170
USA,200,567,48.11,171
Italy,162,441,48.07,172
United Kingdom,142,209,48.07,173
Denmark,351,510,48.06,174
USA,367,567,48.05,175
Germany,111,219,48.01,176
Germany,43,171,47.98,177
Japan,279,277,47.97,178
Australia,196,379,47.97,179
China,335,143,47.96,180
USA,367,567,47.95,181
France,71,567,47.89,182
USA,367,567,47.85,183
USA,367,42,47.83,184
Ireland,338,78,47.73,185
Switzerland,102,423,47.73,186
USA,286,186,47.71,187
France,195,567,47.71,188
USA,367,183,47.67,189
USA,367,418,47.66,190
China,367,309,47.66,191
South Korea,367,168,47.6,192
Canada,223,163,47.6,193
USA,250,88,47.59,194
China,367,203,47.56,195
USA,228,91,47.52,196
Germany,367,132,47.52,197
USA,93,188,47.5,198
United Kingdom,176,179,47.49,199
Switzerland,184,526,47.49,200
United Kingdom,321,218,47.46,201
USA,192,56,47.46,202
USA,367,541,47.39,203
Germany,231,554,47.36,204
Germany,113,421,47.34,205
France,218,451,47.31,206
France,367,567,47.31,207
Italy,350,348,47.28,208
United Kingdom,147,319,47.25,209
Germany,367,567,47.25,210
South Korea,367,225,47.19,211
United Kingdom,367,222,47.17,212
Germany,356,208,47.15,213
USA,247,567,47.13,214
Germany,193,487,47.11,215
Australia,156,306,47.1,216
France,203,567,47.06,217
USA,296,259,47.06,218
USA,212,141,47.05,219
Hong Kong,100,479,47.05,220
Italy,315,450,47.04,221
Canada,157,93,47.04,222
Austria,191,185,47.03,223
France,289,462,47.0,224
Netherlands,367,567,47.0,225
Taiwan,367,52,46.97,226
USA,319,117,46.96,227
Spain,86,68,46.96,228
Canada,292,273,46.95,229
Germany,357,238,46.9,230
Belgium,367,264,46.89,231
USA,251,228,46.89,232
Germany,367,567,46.88,233
USA,367,567,46.88,234
Germany,106,391,46.85,235
France,367,567,46.81,236
Sweden,257,294,46.79,237
Ireland,241,112,46.79,238
China,367,192,46.73,239
United Kingdom,367,567,46.72,240
Spain,367,567,46.72,241
United Kingdom,178,567,46.68,242
Norway,252,119,46.67,243
China,342,362,46.61,244
Japan,367,288,46.59,245
United Kingdom,367,567,46.59,246
Italy,327,326,46.58,247
South Africa,104,126,46.58,248
USA,367,567,46.56,249
Russia,23,339,46.55,250
Germany,185,567,46.54,251
USA,367,334,46.53,252
United Kingdom,151,257,46.49,253
USA,158,567,46.47,254
Netherlands,307,300,46.46,255
USA,283,152,46.46,256
Portugal,337,465,46.43,257
USA,367,233,46.43,258
USA,367,403,46.43,259
USA,189,239,46.42,260
United Kingdom,132,267,46.42,261
Japan,202,567,46.41,262
United Kingdom,258,63,46.4,263
USA,367,47,46.4,264
Austria,367,567,46.39,265
New Zealand,235,419,46.38,266
USA,332,290,46.37,267
Italy,331,459,46.36,268
Canada,367,124,46.34,269
Czech Republic,238,560,46.32,270
USA,211,493,46.32,271
USA,324,144,46.31,272
USA,367,398,46.3,273
USA,51,342,46.29,274
USA,316,125,46.29,275
Netherlands,293,512,46.26,276
China,367,254,46.25,277
Germany,367,471,46.24,278
United Kingdom,78,65,46.22,279
Belgium,110,567,46.21,280
USA,318,337,46.21,281
USA,137,142,46.19,282
Norway,367,567,46.18,283
Canada,322,155,46.18,284
United Kingdom,360,314,46.17,285
Canada,367,137,46.17,286
Sweden,367,567,46.14,287
Germany,367,498,46.13,288
USA,31,187,46.12,289
Japan,367,567,46.12,290
USA,367,567,46.1,291
Germany,367,567,46.07,292
United Kingdom,210,444,46.05,293
Spain,367,470,46.03,294
Italy,273,473,46.03,295
Germany,367,235,46.0,296
USA,367,567,45.97,297
USA,367,484,45.97,298
France,354,567,45.96,299
USA,367,299,45.95,300
Greece,367,200,45.94,301
Germany,326,567,45.94,302
USA,367,567,45.94,303
Spain,367,460,45.92,304
China,367,104,45.92,305
South Africa,367,66,45.92,306
South Korea,367,412,45.92,307
Portugal,94,316,45.91,308
United Kingdom,145,506,45.89,309
South Korea,367,567,45.88,310
Thailand,367,57,45.86,311
Belgium,367,567,45.84,312
China,367,80,45.83,313
USA,165,207,45.8,314
China,334,135,45.8,315
Germany,82,172,45.79,316
Italy,367,557,45.79,317
Germany,367,303,45.79,318
Hong Kong,367,359,45.77,319
Japan,95,240,45.74,320
Belgium,143,567,45.73,321
Brazil,125,116,45.72,322
USA,367,567,45.71,323
USA,198,256,45.7,324
United Kingdom,367,567,45.69,325
USA,367,97,45.65,326
Italy,295,380,45.64,327
Germany,367,567,45.64,328
Italy,367,567,45.61,329
Italy,367,567,45.61,330
China,367,77,45.61,331
USA,270,177,45.61,332
United Kingdom,264,481,45.59,333
Mexico,282,546,45.58,334
Australia,219,445,45.58,335
United Kingdom,206,567,45.58,336
Canada,367,106,45.56,337
Spain,367,76,45.56,338
USA,346,567,45.55,339
United Kingdom,367,567,45.55,340
India,367,59,45.54,341
Italy,367,443,45.54,342
United Kingdom,183,387,45.53,343
Italy,367,567,45.53,344
Germany,85,271,45.52,345
Germany,304,567,45.51,346
Austria,197,397,45.51,347
Netherlands,367,347,45.51,348
Israel,367,567,45.49,349
USA,367,150,45.49,350
USA,154,61,45.48,351
Canada,367,567,45.48,352
USA,130,229,45.47,353
Hong Kong,367,166,45.47,354
Sweden,367,237,45.47,355
Denmark,367,567,45.46,356
New Zealand,367,377,45.44,357
Germany,367,567,45.43,358
USA,367,318,45.42,359
USA,367,85,45.42,360
USA,248,204,45.41,361
Canada,367,567,45.4,362
Spain,367,489,45.4,363
USA,367,261,45.39,364
USA,367,81,45.39,365
Finland,367,567,45.37,366
Argentina,126,500,45.37,367
Canada,367,483,45.36,368
Italy,367,567,45.36,369
Spain,367,330,45.36,370
France,367,567,45.36,371
Germany,367,375,45.33,372
Hong Kong,367,567,45.33,373
Germany,66,344,45.32,374
Spain,367,567,45.31,375
Chile,343,139,45.31,376
Italy,367,567,45.31,377
USA,367,567,45.3,378
India,240,72,45.3,379
USA,367,301,45.29,380
USA,272,553,45.29,381
Italy,367,567,45.28,382
Finland,367,531,45.27,383
South Korea,367,547,45.27,384
France,216,213,45.25,385
Taiwan,367,206,45.24,386
Italy,367,555,45.22,387
USA,180,567,45.22,388
China,367,154,45.21,389
South Korea,367,567,45.2,390
China,220,338,45.2,391
Japan,367,567,45.2,392
Italy,263,567,45.2,393
USA,367,501,45.18,394
Austria,367,567,45.18,395
China,57,567,45.17,396
Italy,103,181,45.17,397
Spain,367,564,45.17,398
USA,367,567,45.16,399
China,367,282,45.16,400
South Korea,245,495,45.16,401
Sweden,361,311,45.16,402
USA,298,361,45.15,403
Brazil,367,567,45.14,404
United Kingdom,367,368,45.14,405
Russia,47,250,45.14,406
Taiwan,262,520,45.14,407
Netherlands,367,511,45.14,408
USA,325,140,45.14,409
China,367,244,45.14,410
Italy,367,567,45.13,411
USA,239,153,45.13,412
China,367,437,45.13,413
USA,367,567,45.13,414
China,367,258,45.13,415
Sweden,146,567,45.12,416
Canada,367,99,45.12,417
Japan,367,567,45.11,418
Japan,308,353,45.11,419
China,153,115,45.1,420
Finland,367,224,45.1,421
South Korea,367,567,45.09,422
China,367,567,45.09,423
USA,367,567,45.09,424
Chile,242,173,45.08,425
United Kingdom,367,360,45.08,426
Austria,363,350,45.08,427
USA,312,101,45.08,428
USA,367,567,45.08,429
France,144,567,45.06,430
Spain,367,567,45.06,431
Italy,367,567,45.04,432
South Korea,367,426,45.04,433
South Korea,367,567,45.04,434
Spain,215,212,45.03,435
Ireland,367,430,45.03,436
USA,367,366,45.03,437
China,367,131,45.02,438
China,367,266,45.02,439
Spain,367,567,45.02,440
USA,328,178,45.02,441
Finland,367,297,45.02,442
China,168,488,45.01,443
USA,367,102,45.0,444
USA,348,90,44.99,445
Italy,367,482,44.98,446
Finland,275,369,44.96,447
India,367,332,44.96,448
Australia,367,304,44.96,449
Germany,364,567,44.96,450
Poland,367,567,44.94,451
South Korea,367,401,44.94,452
United Kingdom,367,216,44.94,453
USA,367,364,44.93,454
Canada,336,278,44.92,455
Italy,367,356,44.92,456
Japan,367,416,44.92,457
Hungary,89,567,44.92,458
Greece,367,567,44.92,459
USA,205,174,44.91,460
Iceland,367,567,44.91,461
Poland,118,562,44.91,462
USA,138,221,44.91,463
Germany,367,567,44.91,464
Japan,367,567,44.9,465
USA,367,230,44.89,466
Australia,367,269,44.88,467
Japan,367,285,44.88,468
USA,367,184,44.87,469
Turkey,367,120,44.87,470
France,367,567,44.87,471
United Kingdom,367,236,44.86,472
Japan,301,565,44.86,473
Japan,108,414,44.86,474
France,367,567,44.86,475
USA,367,567,44.86,476
China,367,567,44.86,477
South Africa,367,148,44.85,478
China,367,563,44.85,479
USA,274,114,44.85,480
Japan,367,567,44.84,481
Malaysia,367,567,44.84,482
USA,367,535,44.83,483
Spain,366,408,44.83,484
Spain,367,567,44.83,485
Japan,299,214,44.82,486
Germany,367,567,44.82,487
USA,367,435,44.82,488
USA,367,365,44.81,489
Germany,367,567,44.81,490
India,333,167,44.8,491
Germany,367,485,44.8,492
USA,367,567,44.8,493
Australia,367,567,44.79,494
South Korea,367,436,44.79,495
China,367,100,44.79,496
Germany,358,567,44.79,497
Malaysia,367,138,44.79,498
France,367,567,44.79,499
Italy,367,567,44.78,500
Japan,367,415,44.78,501
Canada,367,567,44.77,502
Italy,367,567,44.77,503
Slovenia,367,567,44.77,504
France,266,567,44.75,505
United Kingdom,305,253,44.75,506
Portugal,359,567,44.75,507
USA,367,567,44.75,508
USA,367,405,44.74,509
USA,229,248,44.74,510
South Korea,367,567,44.74,511
Japan,107,567,44.73,512
Japan,367,231,44.73,513
China,367,567,44.72,514
Greece,367,567,44.72,515
USA,367,567,44.72,516
Germany,367,567,44.72,517
Japan,88,217,44.72,518
USA,367,432,44.71,519
Germany,367,567,44.71,520
Israel,280,392,44.71,521
USA,367,567,44.7,522
Australia,367,567,44.7,523
Japan,367,567,44.7,524
United Kingdom,217,295,44.7,525
Brazil,367,425,44.7,526
Norway,367,567,44.7,527
Italy,367,567,44.7,528
Japan,367,517,44.7,529
China,367,121,44.7,530
Italy,213,567,44.69,531
Thailand,367,567,44.69,532
New Zealand,190,195,44.68,533
India,367,147,44.68,534
Germany,367,567,44.68,535
Germany,367,567,44.68,536
Estonia,365,567,44.68,537
Canada,367,133,44.68,538
France,367,567,44.67,539
United Kingdom,367,567,44.67,540
Australia,367,567,44.67,541
Taiwan,367,567,44.65,542
USA,367,400,44.65,543
Taiwan,367,211,44.65,544
United Kingdom,367,122,44.64,545
USA,367,567,44.64,546
Japan,367,567,44.63,547
France,367,111,44.63,548
USA,367,232,44.63,549
USA,204,345,44.62,550
Croatia,367,567,44.62,551
Germany,367,567,44.62,552
China,367,291,44.62,553
USA,311,480,44.61,554
Japan,367,567,44.61,555
USA,367,477,44.61,556
Portugal,367,567,44.61,557
Ireland,367,567,44.61,558
Spain,367,539,44.61,559
South Korea,367,305,44.61,560
Italy,367,567,44.61,561
France,367,567,44.6,562
Taiwan,367,567,44.6,563
Taiwan,225,567,44.6,564
Denmark,367,439,44.59,565
USA,166,352,44.59,566
USA,367,293,44.59,567
United Kingdom,260,370,44.59,568
Saudi Arabia,367,182,44.59,569
Italy,367,567,44.59,570
USA,367,567,44.58,571
China,367,567,44.58,572
Switzerland,232,252,44.58,573
Austria,367,567,44.58,574
Italy,367,567,44.57,575
Italy,367,567,44.57,576
Finland,367,156,44.56,577
South Korea,367,381,44.56,578
Australia,367,424,44.56,579
France,367,242,44.56,580
South Korea,367,567,44.56,581
Greece,367,567,44.55,582
Brazil,367,567,44.55,583
Austria,349,453,44.54,584
USA,353,567,44.54,585
China,367,272,44.54,586
United Kingdom,367,544,44.54,587
New Zealand,317,223,44.54,588
Brazil,367,567,44.53,589
USA,208,533,44.53,590
USA,367,420,44.53,591
USA,367,567,44.53,592
Canada,367,538,44.53,593
United Kingdom,367,176,44.52,594
Australia,367,559,44.52,595
India,367,507,44.52,596
United Kingdom,367,567,44.52,597
Japan,367,411,44.52,598
Japan,367,333,44.52,599
USA,367,567,44.52,600
India,367,567,44.51,601
South Korea,367,388,44.51,602
Spain,367,567,44.51,603
United Kingdom,367,567,44.51,604
USA,367,567,44.5,605
USA,367,265,44.5,606
USA,155,220,44.5,607
Japan,367,567,44.5,608
USA,367,567,44.5,609
Malaysia,367,567,44.49,610
Canada,367,567,44.49,611
Portugal,367,567,44.49,612
Australia,367,567,44.49,613
India,367,242,44.49,614
China,367,567,44.49,615
USA,367,567,44.49,616
Hungary,367,567,44.48,617
France,367,567,44.48,618
Japan,367,281,44.48,619
Australia,122,567,44.48,620
Australia,367,567,44.48,621
Japan,367,567,44.48,622
Turkey,253,386,44.48,623
Japan,367,567,44.47,624
USA,367,197,44.47,625
USA,367,567,44.47,626
China,367,534,44.47,627
South Korea,367,567,44.47,628
Portugal,367,567,44.46,629
Italy,367,567,44.46,630
United Kingdom,367,567,44.46,631
United Kingdom,119,358,44.45,632
France,367,406,44.45,633
Turkey,367,567,44.45,634
USA,367,567,44.45,635
Germany,226,567,44.44,636
Spain,367,491,44.44,637
India,367,395,44.44,638
Sweden,367,529,44.44,639
China,367,567,44.44,640
Greece,367,567,44.44,641
China,367,536,44.44,642
USA,367,284,44.44,643
Spain,367,567,44.44,644
Australia,367,457,44.44,645
Poland,344,545,44.43,646
USA,367,263,44.43,647
Japan,367,476,44.43,648
Hong Kong,367,516,44.43,649
USA,171,567,44.43,650
Japan,367,514,44.43,651
Colombia,367,189,44.43,652
Italy,367,567,44.43,653
France,224,567,44.42,654
USA,367,567,44.42,655
USA,367,567,44.42,656
Japan,367,567,44.42,657
New Zealand,367,496,44.42,658
China,367,567,44.41,659
Spain,367,567,44.41,660
USA,367,245,44.41,661
Italy,367,567,44.41,662
Canada,367,422,44.41,663
Brazil,367,567,44.41,664
USA,367,567,44.41,665
Japan,367,307,44.41,666
Hungary,367,567,44.4,667
USA,345,567,44.4,668
Austria,367,567,44.4,669
Japan,367,567,44.4,670
Finland,367,525,44.4,671
France,367,567,44.4,672
Spain,367,567,44.4,673
United Kingdom,367,567,44.4,674
France,255,567,44.39,675
Italy,367,567,44.39,676
China,367,499,44.39,677
South Africa,367,262,44.39,678
India,243,260,44.39,679
Italy,367,567,44.38,680
Spain,367,567,44.38,681
Lebanon,114,247,44.38,682
United Kingdom,367,567,44.38,683
China,367,567,44.38,684
Slovak Republic,367,567,44.38,685
Spain,367,567,44.38,686
USA,367,448,44.38,687
Australia,367,567,44.38,688
Netherlands,367,289,44.37,689
Italy,367,567,44.37,690
Germany,367,522,44.37,691
United Kingdom,367,433,44.37,692
Spain,367,567,44.37,693
United Kingdom,367,567,44.37,694
Greece,187,567,44.37,695
United Kingdom,367,567,44.37,696
Iran,116,567,44.37,697
United Kingdom,300,567,44.37,698
France,201,567,44.37,699
Israel,367,372,44.36,700
Italy,367,567,44.36,701
Czech Republic,367,567,44.36,702
Italy,367,567,44.36,703
Saudi Arabia,367,567,44.36,704
China,367,383,44.35,705
China,367,399,44.35,706
United Kingdom,367,335,44.35,707
Taiwan,367,567,44.35,708
Spain,367,523,44.35,709
USA,367,431,44.35,710
Ireland,367,567,44.35,711
USA,271,567,44.35,712
Japan,367,567,44.35,713
India,174,503,44.34,714
Austria,367,378,44.34,715
Czech Republic,347,567,44.34,716
USA,367,201,44.34,717
USA,367,246,44.34,718
USA,294,567,44.33,719
United Kingdom,367,355,44.33,720
France,121,323,44.33,721
Japan,367,567,44.33,722
USA,367,567,44.33,723
Czech Republic,367,567,44.33,724
Turkey,367,341,44.33,725
Serbia,276,567,44.33,726
Japan,367,567,44.33,727
Japan,367,567,44.33,728
United Kingdom,367,428,44.32,729
Belgium,164,464,44.32,730
Hungary,367,567,44.32,731
Japan,367,567,44.32,732
Belgium,367,340,44.32,733
Spain,367,567,44.32,734
Finland,367,567,44.32,735
Japan,367,343,44.32,736
Japan,367,567,44.32,737
Spain,367,567,44.31,738
Germany,367,567,44.31,739
France,367,567,44.31,740
Belgium,367,567,44.31,741
Turkey,367,440,44.31,742
Austria,367,567,44.31,743
Argentina,367,513,44.31,744
Italy,367,567,44.31,745
USA,367,382,44.3,746
Italy,367,567,44.3,747
USA,367,371,44.3,748
China,367,567,44.3,749
France,367,567,44.3,750
Australia,367,324,44.3,751
USA,367,567,44.3,752
Austria,367,270,44.3,753
USA,367,567,44.29,754
Russia,306,567,44.29,755
South Korea,367,461,44.29,756
Taiwan,367,567,44.29,757
Switzerland,352,567,44.29,758
Japan,367,567,44.29,759
Japan,367,567,44.29,760
USA,259,472,44.28,761
USA,367,394,44.28,762
Japan,367,567,44.28,763
France,367,567,44.28,764
Italy,367,567,44.28,765
USA,367,537,44.28,766
Spain,367,567,44.28,767
Iran,181,567,44.28,768
France,367,567,44.28,769
South Korea,367,417,44.27,770
Japan,367,567,44.27,771
France,367,567,44.27,772
Japan,367,567,44.27,773
China,367,283,44.27,774
Japan,367,567,44.27,775
China,367,567,44.27,776
India,367,567,44.27,777
USA,367,567,44.27,778
Turkey,367,567,44.27,779
Japan,367,567,44.27,780
Canada,367,507,44.27,781
Poland,267,279,44.26,782
China,367,308,44.26,783
United Kingdom,367,357,44.26,784
Germany,367,567,44.26,785
Mexico,330,567,44.26,786
Germany,367,567,44.26,787
China,367,567,44.26,788
Norway,367,567,44.26,789
USA,341,467,44.25,790
Lithuania,340,567,44.25,791
USA,172,567,44.25,792
Germany,367,567,44.25,793
USA,367,310,44.25,794
China,367,427,44.25,795
Egypt,285,469,44.25,796
France,207,567,44.25,797
Japan,367,567,44.25,798
Spain,367,567,44.24,799
Japan,367,567,44.24,800
Germany,367,567,44.24,801
Italy,367,567,44.24,802
Taiwan,367,567,44.24,803
China,367,331,44.24,804
Chile,367,567,44.23,805
South Korea,367,567,44.23,806
Taiwan,367,567,44.23,807
Spain,367,567,44.23,808
USA,367,373,44.23,809
China,367,567,44.22,810
Australia,367,251,44.22,811
South Korea,367,567,44.22,812
South Korea,367,567,44.22,813
United Kingdom,367,567,44.22,814
Australia,367,543,44.22,815
France,302,567,44.22,816
Italy,367,567,44.21,817
Thailand,367,550,44.21,818
Hungary,256,567,44.21,819
Slovenia,367,567,44.21,820
United Kingdom,367,287,44.21,821
France,160,567,44.21,822
USA,367,567,44.21,823
United Kingdom,367,567,44.21,824
USA,367,429,44.21,825
Brazil,367,567,44.21,826
Japan,367,504,44.2,827
China,367,567,44.2,828
Australia,367,527,44.2,829
United Kingdom,367,567,44.2,830
France,362,567,44.2,831
USA,367,407,44.2,832
USA,367,567,44.2,833
South Korea,367,567,44.2,834
USA,367,390,44.19,835
Canada,367,567,44.19,836
Turkey,367,519,44.19,837
Japan,367,567,44.19,838
Japan,290,567,44.19,839
Japan,161,567,44.19,840
Spain,367,454,44.19,841
Turkey,367,475,44.19,842
Ireland,367,567,44.19,843
USA,367,567,44.19,844
Bulgaria,254,567,44.19,845
China,367,567,44.19,846
Saudi Arabia,367,234,44.19,847
Austria,367,567,44.19,848
Spain,367,567,44.18,849
USA,261,438,44.18,850
India,367,567,44.18,851
Turkey,367,468,44.18,852
Ireland,244,567,44.18,853
Iran,367,567,44.18,854
Japan,367,567,44.18,855
USA,367,567,44.17,856
Germany,367,532,44.17,857
China,367,567,44.17,858
France,367,567,44.17,859
South Korea,367,567,44.17,860
Canada,367,567,44.17,861
Japan,367,567,44.17,862
Japan,367,567,44.17,863
China,367,456,44.17,864
Taiwan,367,567,44.17,865
China,367,567,44.16,866
Uruguay,367,567,44.16,867
South Korea,367,567,44.16,868
Uganda,367,567,44.16,869
Canada,367,354,44.16,870
China,367,315,44.16,871
Spain,367,567,44.16,872
Australia,367,561,44.16,873
United Kingdom,246,567,44.16,874
Taiwan,249,320,44.16,875
Germany,367,567,44.15,876
China,367,567,44.15,877
South Korea,367,567,44.15,878
France,367,524,44.15,879
France,367,567,44.15,880
France,367,255,44.15,881
Australia,367,567,44.15,882
China,367,302,44.15,883
USA,367,528,44.15,884
United Kingdom,367,458,44.14,885
China,367,567,44.14,886
Japan,367,567,44.14,887
China,367,463,44.14,888
China,268,567,44.14,889
Poland,150,567,44.14,890
India,140,346,44.14,891
Hungary,367,567,44.14,892
USA,323,374,44.14,893
Spain,367,567,44.14,894
China,367,486,44.14,895
France,367,567,44.13,896
USA,367,567,44.13,897
South Korea,367,567,44.13,898
China,367,567,44.13,899
Japan,367,567,44.13,900
USA,367,567,44.13,901
Germany,367,518,44.13,902
Japan,367,567,44.13,903
China,367,558,44.13,904
Greece,367,567,44.13,905
USA,367,567,44.13,906
Canada,367,298,44.13,907
Japan,367,567,44.12,908
Japan,367,349,44.12,909
Canada,367,509,44.12,910
Poland,367,567,44.12,911
Iran,367,567,44.12,912
USA,367,567,44.12,913
Iran,367,567,44.12,914
Brazil,367,313,44.12,915
Taiwan,367,567,44.12,916
Canada,367,567,44.12,917
Brazil,367,567,44.12,918
Italy,367,567,44.12,919
Brazil,367,367,44.12,920
Poland,355,567,44.12,921
Italy,367,567,44.12,922
India,367,515,44.11,923
China,367,452,44.11,924
India,367,567,44.11,925
Japan,367,325,44.1,926
Spain,367,567,44.1,927
Cyprus,367,567,44.1,928
USA,367,442,44.1,929
Spain,367,567,44.1,930
Iran,367,567,44.1,931
Taiwan,367,478,44.1,932
Argentina,367,567,44.1,933
Brazil,367,497,44.1,934
Spain,367,567,44.09,935
USA,367,567,44.09,936
New Zealand,367,474,44.09,937
United Kingdom,367,494,44.09,938
Brazil,367,552,44.09,939
Spain,367,567,44.09,940
Brazil,367,567,44.09,941
Australia,367,567,44.09,942
China,367,567,44.09,943
Poland,367,409,44.09,944
Japan,367,505,44.08,945
Taiwan,367,413,44.08,946
China,367,556,44.08,947
China,367,351,44.08,948
China,367,384,44.08,949
United Arab Emirates,367,521,44.08,950
South Korea,367,567,44.08,951
South Korea,367,567,44.08,952
China,367,567,44.07,953
Turkey,367,567,44.07,954
China,367,336,44.07,955
Iran,367,567,44.07,956
China,367,567,44.07,957
Iran,367,567,44.07,958
Spain,367,567,44.07,959
Chile,367,567,44.07,960
Brazil,367,567,44.07,961
Puerto Rico,367,567,44.06,962
China,367,567,44.06,963
Poland,367,567,44.06,964
Egypt,367,567,44.06,965
France,367,567,44.06,966
Taiwan,367,567,44.06,967
Colombia,367,312,44.06,968
China,367,567,44.06,969
Japan,367,567,44.06,970
Taiwan,367,446,44.06,971
China,367,567,44.06,972
South Korea,367,567,44.06,973
Brazil,367,396,44.05,974
China,367,410,44.05,975
China,367,567,44.05,976
China,367,567,44.05,977
France,367,567,44.05,978
Taiwan,367,567,44.05,979
Czech Republic,367,567,44.05,980
Ireland,367,529,44.05,981
China,367,567,44.04,982
Taiwan,367,434,44.04,983
China,367,567,44.04,984
Russia,167,567,44.04,985
Romania,237,567,44.04,986
Romania,367,567,44.04,987
Egypt,367,567,44.04,988
France,367,567,44.04,989
China,367,567,44.04,990
China,367,542,44.03,991
Brazil,367,540,44.03,992
China,367,327,44.03,993
Canada,367,567,44.03,994
Saudi Arabia,367,449,44.03,995
Portugal,367,567,44.03,996
Egypt,236,566,44.03,997
Brazil,367,549,44.03,998
Spain,367,567,44.02,999
China,367,567,44.02,1000
